,수신,날짜,거래조건,출발지,도착지,CBM,중량,OCEAN FREIGHT,THC,WHARFAGE,DOCUMENT FEE,TRUCKING CHG,HANDLING CHG,INSURANCE FEE,AGENCY FEE,CLEARANCE,LOCAL CHG,CLEANING CHG,SEAL CHG,검역증명서,원산지증명서,DRAYAGE CHG,PACKING CHG,PSF,PFS,DG CHG,ETC,TOTAL
0,(주)포앤테크,2024-03-05 00:00:00,CIF,PYEONGTAEK,베트남,20 FT,20000.0,199725.0,130000.0,2200.0,50000.0,199980.0,22000.0,19972.0,,22000.0,,,8000.0,,,,,,232.0,66575.0,,720685.0
1,(주)포앤테크,2024-03-05 00:00:00,CIF,PYEONGTAEK,베트남,20 FT,20000.0,266300.0,130000.0,2200.0,50000.0,199980.0,22000.0,19972.0,,22000.0,,,8000.0,,,,,,232.0,66575.0,,787260.0
2,경성건설㈜,2022-12-07 00:00:00,DDP,BUSAN,필리핀,0.676,,26436.0,31183.0,40085.0,208616.0,251142.0,33000.0,,132180.0,92526.0,,,,,,6586.0,,,,,17844.0,973952.0
3,글로벌부동산컨설팅 주식회사,2021-11-15 00:00:00,CFR,BUSAN,필리핀,40 FT,,1539590.0,180000.0,9012.0,88500.0,365200.0,55000.0,,,27280.0,,,,,,,,,,,71058.0,2345640.0
4,글로벌부동산컨설팅 주식회사,2022-08-30 00:00:00,CFR,BUSAN,필리핀,20 FT,,1904000.0,130000.0,4429.0,88500.0,271150.0,55000.0,,,27280.0,,,10000.0,,,,,,,,244800.0,2735159.0
5,글로벌부동산컨설팅 주식회사,2021-11-15 00:00:00,CFR,BUSAN,필리핀,20 FT,,1104468.0,130000.0,4286.0,88500.0,204600.0,55000.0,,,27280.0,,,10000.0,,,,,,,,71256.0,1695390.0
6,글로벌부동산컨설팅 주식회사,2020-10-30 00:00:00,CFR,BUSAN,필리핀,20 FT,,1045087.9999999999,130000.0,4286.0,88500.0,284020.0,55000.0,,,27280.0,,,10000.0,,,,,,,,71256.0,1918930.0
7,글로벌부동산컨설팅 주식회사,2021-10-21 00:00:00,CFR,INCHEON,필리핀,20 FT,,785400.0,130000.0,4200.0,73000.0,315189.0,55000.0,,,22000.0,,,8000.0,,,,,,,,84150.0,1476938.5
8,글로벌부동산컨설팅 주식회사,2020-10-30 00:00:00,CFR,BUSAN,필리핀,4.1,,322789.0,26649.999999999996,1398.0,73000.0,198000.0,55000.0,,,22000.0,,,,,,43050.0,,,,,,741887.0
9,글로벌부동산컨설팅 주식회사,2020-06-31,CFR,INCHEON,필리핀,20 FT,,599300.0,130000.0,4420.0,73000.0,253000.0,55000.0,,,22000.0,330000.0,,8000.0,,,,,,,,,1582594.0
10,글로벌부동산컨설팅 주식회사,2020-06-31,CFR,INCHEON,필리핀,20 FT,,599300.0,130000.0,4420.0,73000.0,671000.0,55000.0,,,22000.0,,,8000.0,,,,,,,,107873.99999999999,1670594.0
11,글로벌부동산컨설팅 주식회사,2021-01-10 00:00:00,CFR,INCHEON,필리핀,40 FT,,1336560.0,180000.0,8400.0,83000.0,344474.0,55000.0,,,22000.0,,,8000.0,,,,,,2000.0,,66828.0,2106261.0
12,글로벌부동산컨설팅 주식회사,2021-06-31,CFR,INCHEON,필리핀,20 FT,,810319.9999999999,130000.0,4286.0,88500.0,165000.0,55000.0,,,22000.0,330000.0,,10000.0,,,,,,,,59038.0,1674143.0
13,남상규 대표님,2022-10-05 00:00:00,FOB,INCHEON,태국,40 FT,,968284.0,180000.0,8840.0,50000.0,485200.0,33000.0,,72260.0,21678.0,,50000.0,,,,,,474.0,172.0,,,1869908.0
14,다올씨앤씨,2023-01-17 00:00:00,DDP,BUSAN,남아프리카공화국,20 FT,,2910030.2,286618.0,4420.0,110000.0,1476442.0,63312.0,18734.0,,22000.0,,,10000.0,,,,,,86.0,,,4902891.0
15,㈜디자인애드핏,2022-06-20 00:00:00,FOB,중국,BUSAN,40 FT,,1245599.6,180000.0,8840.0,50000.0,404182.0,55000.0,,,59484.0,,40000.0,,,,,,,172.0,,1016816.0,3060093.0
16,BS메디칼,2022-11-28 00:00:00,DAP,BUSAN,칠레,0.495,20.94,1164465.0,14000.0,431.0,178670.0,611878.0,33000.0,20201.0,713751.0,183604.0,,,,,,139670.0,,,,,9427.0,3069096.0
17,ELD_엘드,2023-08-08 00:00:00,EXW,중국,INCHEON,20 FT,,426144.0,303121.0,4200.0,149878.0,722852.0,55000.0,19976.0,99878.0,108561.0,,35000.0,,,,,,237.0,86.0,,133170.0,2078076.0
18,Play Edupark,2023-01-15 00:00:00,EXW,덴마크,BUSAN,1.584,289.0,346590.0,22176.0,34678.0,118273.0,643596.0,73964.0,,,42482.0,,3960.0,,,,44000.0,,,,,2731.0,1352932.0
19,India,2023-03-06 00:00:00,FOB,INCHEON,인도,20 FT,,,180000.0,8400.0,50000.0,333850.0,33000.0,,,22000.0,,,10000.0,,,,,474.0,172.0,,,637896.0
20,INO TRADING,2024-04-03 00:00:00,FOB,중국,INCHEON,40 FT,,684216.0,180000.0,8400.0,50000.0,,22000.0,,,22000.0,,50000.0,,,,,,,646.0,,697632.0,1714894.0
21,INO TRADING,2024-04-03 00:00:00,FOB,중국,INCHEON,20 FT,,550056.0,130000.0,4200.0,50000.0,,22000.0,,,,,35000.0,,,,,,,323.0,,348816.0,1162395.0
22,"QINGDAO QUANHAOYUAN INT'L TRADE CO.,LTD",2023-02-20 00:00:00,FOB,중국,INCHEON,4.68,1200.0,,212586.0,,41294.0,185827.0,41295.0,20647.0,41295.0,34412.0,,,,,,,,,,,,577359.0
23,SIDM,2023-01-18 00:00:00,DDP,INCHEON,프랑스,4.68,,63551.0,182729.0,431.0,201980.0,497946.0,66746.0,,37795.0,224475.0,,,,,,5000.0,,,,,80596.0,1361247.0
24,Teczen,2023-02-21 00:00:00,CIF,INCHEON,네덜란드,40 FT,,1049336.8,190000.0,8572.0,50000.0,232100.0,33000.0,19626.0,,22000.0,,,10000.0,,,,,474.0,172.0,,952515.0,2829476.0
25,triorack,2022-12-09 00:00:00,FOB,중국,INCHEON,0.037,,13333.0,56100.0,2417.0,50000.0,141017.0,33000.0,,39999.0,22000.0,,18700.0,,,,102300.0,,,,,289220.0,693733.0
26,Y&A,2023-02-07 00:00:00,FOB,중국,INCHEON,0.091,800.0,508159.0,63789.0,1554.0,50000.0,115500.0,33000.0,,24784.0,22000.0,,11391.0,,,,56100.0,,,,,,923453.0
27,yiyuna,2022-06-20 00:00:00,FOB,인도네시아,INCHEON,20 FT,,294308.0,180000.0,8840.0,50000.0,38388.0,706680.0,19194.0,,53990.0,,35000.0,,,,,,237.0,172.0,,546606.0,917865.0
28,VART,2021-02-30,EXW,이탈리아,BUSAN,2.97,,33775.0,22275.0,7509.0,97634.0,627828.0,249432.0,,,76439.0,,7425.0,,,,66000.0,,,,,2722.0,2278706.0
29,랜워드코리아,2022-10-30 00:00:00,FOB,인도,BUSAN,1,40.0,42606.0,7500.0,350.0,113909.0,337267.0,46867.0,,42606.0,22000.0,,2500.0,,,,11000.0,,,,,,633104.2
30,마레,2022-12-21 00:00:00,EXW,이탈리아,INCHEON,0.125,20.0,180390.0,14000.0,341.0,50000.0,330396.0,33000.0,,,,193425.0,2500.0,,,,91844.0,,,,,,917896.0
31,바이담,2022-11-03 00:00:00,EXW,타이페이,BUSAN,1.778,248.0,112024.0,24892.0,607.0,143067.0,456247.0,43194.0,,71590.0,100226.0,,4445.0,,,,109306.0,,,,,,1143560.0
32,바이담,2022-11-03 00:00:00,EXW,타이페이,INCHEON,1.778,248.0,137481.0,24892.0,607.0,143067.0,418883.0,43194.0,,71590.0,100226.0,,4445.0,,,,137754.0,,,,,12729.0,1172830.0
33,백송이전문점,2023-02-27 00:00:00,FOB,중국,INCHEON,0.399,135.0,629207.0,83849.0,2043.0,50000.0,39396.0,33000.0,,,22000.0,,14973.0,,,,62700.0,,,172.0,,,937340.0
34,삼정테크,2023-01-30 00:00:00,CFR,INCHEON,방글라데시,20 FT,,1304310.0,130000.0,4200.0,50000.0,273130.0,33000.0,18734.0,,,,,10000.0,,,,,237.0,86.0,,,1845697.0
0,주식회사 경기에스티,2024-04-25,FCA,중국,INCHEON,20 FT,530.0,283424.8,130000.0,4200.0,40000.0,738512.0,319250.0,0.0,0.0,22000.0,677454.4,35000.0,0.0,0.0,0.0,0.0,0.0,0.0,329.0,0.0,359465.6,2609635.8
1,Oasis,2024-05-07,FOB,중국,INCHEON,0.588,341.0,103333.5,0.0,0.0,50000.0,148500.0,22000.0,0.0,0.0,22000.0,0.0,0.0,0.0,0.0,0.0,0.0,0.0,0.0,0.0,0.0,0.0,345833.5
2,PARCPARC,2024-01-09,FOB,캐나다,BUSAN,6.3,240.0,1025269.875,88200.0,0.0,50000.0,286000.0,22000.0,19528.95,0.0,22000.0,65096.5,15750.0,0.0,110000.0,0.0,0.0,0.0,0.0,0.0,0.0,0.0,1703845.325
3,Somang Top Sdn Bhd,2022-01-28,DDU,INCHEON,말레이시아,20 FT,0.0,2180595.0,271729.0,8240.0,73574.0,960971.0,64828.0,0.0,117870.0,22000.0,380000.0,9430.0,10000.0,0.0,0.0,0.0,0.0,0.0,82.0,0.0,235740.0,4335059.0
4,SSC,2024-04-12,CIF,BUSAN,중국,20 FT,0.0,40460.4,180000.0,4200.0,50000.0,506000.0,22000.0,20230.2,0.0,22000.0,0.0,0.0,8000.0,0.0,0.0,0.0,0.0,0.0,243.0,0.0,0.0,853133.6
5,SUSTAINABLELAB,2024-01-03,FOB,중국,INCHEON,4.88,587.0,571047.84,0.0,0.0,0.0,0.0,22000.0,0.0,0.0,22000.0,0.0,0.0,0.0,0.0,0.0,0.0,0.0,0.0,0.0,0.0,0.0,615047.84
6,TEMCO WORLD,2024-03-21,FOB,중국,INCHEON,40 FT,0.0,1684375.0,3720000.0,8400.0,50000.0,2335850.0,459250.0,0.0,0.0,66000.0,0.0,0.0,0.0,0.0,0.0,0.0,0.0,0.0,646.0,0.0,970200.0,9294721.0
7,Unilab Hub,2024-05-03,FCA,BUSAN,미국,1.35,296.0,322801.19,18900.0,450.0,50000.0,365175.0,22000.0,20670.3,0.0,22000.0,496087.0,0.0,0.0,0.0,0.0,0.0,0.0,0.0,0.0,0.0,0.0,1318083.49
8,Unilab Hub,2024-01-29,FCA,BUSAN,미국,20 FT,2400.0,5180734.0,130000.0,4200.0,50000.0,831391.0,22000.0,20613.0,0.0,22000.0,672671.0,0.0,10000.0,0.0,0.0,0.0,0.0,0.0,86.0,0.0,0.0,6943695.0
9,venuto,2023-11-21 00:00:00,FOB,인도,INCHEON,9,1950.0,496737.0,14000.0,323.0,40000.0,39424.0,33000.0,19712.0,91988.0,33000.0,0.0,0.0,0.0,0.0,0.0,59000.0,0.0,0.0,0.0,0.0,0.0,827184.0
10,개인화물,2023-12-06,CIF,BUSAN,이탈리아,1.44,1000.0,85160.0,28000.0,0.0,40000.0,0.0,33000.0,21290.0,70967.0,234900.0,745148.0,0.0,0.0,0.0,0.0,0.0,0.0,0.0,0.0,0.0,0.0,1258465.0
11,㈜거화,2024-01-17,DDU,INCHEON,중국,40 FT,18000.0,302528.19999999995,180000.0,8400.0,50000.0,2428717.8,22000.0,0.0,0.0,22000.0,1193013.0,0.0,8000.0,0.0,0.0,0.0,0.0,0.0,172.0,0.0,0.0,4214831.0
12,건호 코퍼레이션,2023-12-21 00:00:00,CIF,BUSAN,멕시코,40 FT,0.0,3976285.0,190000.0,8858.0,80000.0,245667.0,33000.0,19556.0,0.0,128811.0,0.0,0.0,10000.0,0.0,0.0,0.0,0.0,0.0,172.0,0.0,0.0,4692349.0
13,구매대행 이음,2024-04-08 00:00:00,FOB,중국,BUSAN,20 FR,0.0,723613.0,3690000.0,4200.0,50000.0,78940.0,55000.0,0.0,0.0,44000.0,0.0,50000.0,0.0,0.0,0.0,0.0,0.0,0.0,323.0,0.0,473637.60000000003,5169713.6
14,김정태 선교사님,2022-08-01,CFR,BUSAN,탄자니아,20 FT,1890.0,3909881.0,130000.0,4420.0,40000.0,0.0,42809.0,0.0,0.0,33000.0,0.0,0.0,10000.0,0.0,0.0,0.0,0.0,0.0,86.0,0.0,0.0,4170196.0
15,㈜나진테크,2024-03-14,FOB,중국,GWANGYANG,40 FT,0.0,386437.0,190000.0,2742.0,50000.0,613186.0,33000.0,0.0,0.0,62150.0,0.0,50000.0,0.0,0.0,0.0,0.0,0.0,0.0,646.0,0.0,1066032.0,2454193.0
16,㈜낫소,2023-11-23 00:00:00,DAP,BUSAN,체코,0.25,31.0,78000.0,14000.0,323.0,40000.0,380391.0,33000.0,0.0,0.0,22000.0,205809.0,0.0,0.0,0.0,0.0,0.0,0.0,0.0,0.0,0.0,0.0,773523.0
17,㈜낫소,2023-11-23 00:00:00,CFR,BUSAN,벨기에,0.25,31.0,19712.0,14000.0,323.0,40000.0,0.0,33000.0,0.0,0.0,22000.0,0.0,0.0,0.0,0.0,0.0,0.0,0.0,0.0,0.0,0.0,0.0,129035.0
18,내쇼날무역통신㈜,2023-08-18,DDP,BUSAN,LONG BEACH,5.08,390.0,458934.0,70000.0,27930.0,40000.0,563833.0,468331.0,0.0,85231.0,185905.0,0.0,0.0,0.0,45893.0,0.0,0.0,0.0,0.0,0.0,0.0,0.0,1946057.0
19,동부엠티비,2024-01-11,FOB,중국,INCHEON,2.26,60.0,58717.0,31500.0,0.0,50000.0,77000.0,22000.0,0.0,0.0,22000.0,0.0,0.0,0.0,0.0,0.0,56000.0,0.0,0.0,0.0,0.0,156557.0,473774.0
20,드림메디컬그룹,2023-09-06,DPU,INCHEON,미국,40 FT,1755.0,3042808.0,180000.0,8400.0,55000.0,225500.0,385000.0,0.0,0.0,94689.0,0.0,0.0,20000.0,0.0,0.0,0.0,0.0,474.0,172.0,0.0,0.0,4012043.0
21,디자인 드림,2023-11-09,FOB,중국,INCHEON,0.03,5.0,40529.0,0.0,0.0,0.0,176000.0,27019.0,0.0,0.0,22000.0,0.0,0.0,0.0,0.0,0.0,0.0,0.0,0.0,0.0,0.0,0.0,265548.0
22,로스팅마스터즈,2023-11-17 00:00:00,CFR,베트남,INCHEON,0.17,18.0,14000.0,0.0,0.0,40000.0,99000.0,33000.0,0.0,0.0,0.0,0.0,2500.0,0.0,0.0,0.0,0.0,0.0,0.0,0.0,0.0,0.0,188500.0
23,주식회사 가드원,2023-10-26,FOB,인도네시아,BUSAN,40 FT,8500.0,257047.0,180000.0,8400.0,50000.0,0.0,33000.0,0.0,0.0,0.0,0.0,50000.0,0.0,0.0,0.0,0.0,0.0,0.0,172.0,0.0,0.0,578619.0
24,주식회사 가드원,2023-10-26,FOB,인도네시아,BUSAN,20 FT,8500.0,155581.0,130000.0,4200.0,50000.0,0.0,33000.0,0.0,0.0,0.0,0.0,35000.0,0.0,0.0,0.0,0.0,0.0,0.0,86.0,0.0,0.0,407867.0
25,주식회사 가드원,2023-10-26,FOB,인도네시아,BUSAN,40 FT,8500.0,798199.0,180000.0,8400.0,50000.0,0.0,33000.0,0.0,0.0,0.0,0.0,50000.0,0.0,0.0,0.0,0.0,0.0,0.0,172.0,0.0,0.0,1119771.0
26,주식회사 가드원,2023-10-26,FOB,인도네시아,BUSAN,20 FT,8500.0,527623.0,130000.0,4200.0,50000.0,0.0,33000.0,0.0,0.0,0.0,0.0,35000.0,0.0,0.0,0.0,0.0,0.0,0.0,86.0,0.0,0.0,779909.0
27,청암네트웍스,2023-10-25,FOB,미국,BUSAN,40 FT,6000.0,473508.0,180000.0,8400.0,50000.0,847000.0,33000.0,0.0,0.0,0.0,0.0,50000.0,0.0,0.0,0.0,0.0,0.0,0.0,172.0,0.0,0.0,1642080.0
28,함박행복,2023-10-02 00:00:00,CIF,BUSAN,멕시코,20 FT,2000.0,2771109.0,140000.0,4429.0,55000.0,671000.0,33000.0,20081.0,0.0,73053.0,0.0,0.0,10000.0,0.0,0.0,0.0,0.0,0.0,323.0,0.0,0.0,3777995.0
0, (주)아이히트코리아,2023-10-12 00:00:00,FOB,중국,INCHEON,40 FT,9555.0,270754.0,180000.0,8400.0,40000.0,,33000.0,,,107710.0,,50000.0,,,,,,,172.0,,743585.0,1394470.0
1,주식회사 에이치제이테크,2023-10-23 00:00:00,FOB,중국,INCHEON,20 FT,,274050.0,130000.0,4200.0,50000.0,516250.0,39150.0,,,22000.0,,35000.0,,,,,,,,,378450.0,1409950.0
2,주식회사 에이치제이테크,2023-10-23 00:00:00,FOB,중국,INCHEON,40 FT,,456750.0,180000.0,8400.0,50000.0,571250.0,39150.0,,,22000.0,,50000.0,,,,,,,,,639930.0,2056160.0
3,주식회사 에이치제이테크,2023-10-23 00:00:00,EXW,중국,INCHEON,40 FT,,198150.0,130000.0,4200.0,50000.0,517050.0,39630.0,,,22000.0,,35000.0,,,,,,,,,303830.0,3186248.0
4,매드웍스,2024-01-25 00:00:00,FOB,중국,BUSAN,20 FT,3500.0,106368.0,130000.0,4200.0,40000.0,,22000.0,,,22000.0,,35000.0,,,,,,86.0,,,345696.0,705350.0
5,매드웍스,2024-01-25 00:00:00,FOB,중국,BUSAN,20 FT,3500.0,265920.0,130000.0,4200.0,40000.0,,22000.0,,,22000.0,,35000.0,,,,,,86.0,86.0,,,519206.0
6,매드웍스,2024-01-25 00:00:00,FOB,중국,BUSAN,20 FT,3500.0,132960.0,130000.0,4200.0,40000.0,,22000.0,,,,,35000.0,,,,,,,86.0,,345696.0,731942.0
7,면상호,2024-02-29 00:00:00,CFR,BUSAN,캐나다,40 FT,20000.0,5507330.0,345000.0,8400.0,50000.0,286000.0,22000.0,,,,,,10000.0,,,,,,,,,6250730.0
8,면상호,2024-02-29 00:00:00,CFR,BUSAN,캐나다,20 FT,20000.0,6670700.0,345000.0,8400.0,50000.0,286000.0,22000.0,,,22000.0,,,10000.0,,,,,,,,,7414100.0
9,버드코,2022-03-03 00:00:00,DPU,BUSAN,캐나다,13.189,1400.0,2139163.0,98918.0,144196.0,110000.0,1324773.0,130228.0,,153906.0,22000.0,142067.0,,,82872.0,,25800.0,,,,,3862833.0,9249996.0
10,버드코,2022-03-03 00:00:00,DPU,BUSAN,캐나다,10.53,1053.0,1707892.0,625476.0,143290.0,110000.0,5480583.0,130228.0,,153906.0,93040.0,142067.0,,,82872.0,,25800.0,632500.0,,,,3107022.0,8520686.0
11,㈜벤스랩,2022-07-13 00:00:00,DAP,BUSAN,폴란드,7.68,1320.0,593271.0,1408940.0,2542.0,50000.0,1832252.0,42487.0,,66261.0,192431.0,,,,,,,,,,,2593506.0,6732326.0
12,㈜벤스랩,2022-07-13 00:00:00,DAP,BUSAN,폴란드,1,330.0,77249.0,126643.0,331.0,50000.0,591319.0,42487.0,,66261.0,121391.0,,,,,,,,,,,397332.0,1473012.0
13,㈜벤스랩,2022-07-13 00:00:00,DAP,BUSAN,폴란드,20 FT,5000.0,6823644.0,289025.0,4200.0,76504.0,2616262.0,42487.0,,92765.0,22000.0,,,10000.0,,,,,,86.0,,199264.0,10188497.0
14,㈜벤스랩,2022-07-13 00:00:00,DAP,BUSAN,폴란드,40 FT,5000.0,12102312.0,339025.0,8400.0,76504.0,2703162.0,42487.0,,92765.0,22000.0,,,10000.0,,,,,,172.0,,199264.0,15608351.0
15,비앤씨유통,2024-03-05 00:00:00,FOB,중국,INCHEON,4.48,1400.0,,33600.0,1568.0,50000.0,187000.0,22000.0,,61945.0,22000.0,,,,,,86900.0,,,,,190884.0,633897.0
16,주식회사 빅매치,2023-08-17 00:00:00,EXW,중국,INCHEON,0.18,87.0,153415.0,,,50000.0,339467.0,33000.0,,39337.0,,78674.0,,,,,,,,,,,713562.0
17,뽀득,2023-11-08 00:00:00,FOB,중국,INCHEON,40 FT,21000.0,,180000.0,8400.0,7143.0,302500.0,47143.0,,,23352.0,,50000.0,,,,,,,172.0,,4063764.0,1135646.0
18,뽀득,2023-11-08 00:00:00,FOB,중국,INCHEON,40 FT,21000.0,121586.0,180000.0,8400.0,7143.0,302500.0,47143.0,,,23352.0,,50000.0,,,,,,,172.0,,4063764.0,1257233.0
19,삼성임업,2024-02-01 00:00:00,CIF,BUSAN,네덜란드,40 FT,2600.0,4022564.0,,,6250.0,792000.0,2750.0,,,,,,10000.0,,,,,,,,,4838820.0
20,주식회사 서울영상에스,2024-03-14 00:00:00,FOB,중국,INCHEON,1.44,300.0,38377.0,10800.0,491.0,50000.0,132000.0,22000.0,,39976.0,24750.0,,3600.0,,,,60500.0,,,,,124726.0,504470.0
21,세광무역,2023-10-25 00:00:00,FOB,일본,BUSAN,20 FT,12580.0,94702.0,130000.0,4429.0,40000.0,792000.0,33000.0,,27058.0,165051.0,,35000.0,,,,,,,237.0,,250283.0,1571759.0
22,쉐인유통,2024-03-21 00:00:00,EXW,중국,INCHEON,40 FT,18000.0,699478.0,180000.0,8400.0,40000.0,1202415.0,22000.0,,,,770721.0,50000.0,,,,,,,646.0,,673572.0,3669232.0
23,쉐인유통,2024-03-21 00:00:00,EXW,중국,INCHEON,20 FT,18000.0,531085.0,130000.0,4200.0,20000.0,1072501.0,11000.0,,,22000.0,531085.0,50000.0,,,,,,,323.0,,613377.0,2697981.0
24,스타픽커,2024-03-05 00:00:00,EXW,중국,INCHEON,4.08,,,30000.0,1340.0,55000.0,,22000.0,,,33000.0,252985.0,10000.0,,,,74800.0,,,,,,745077.0
25,스토어1115,2024-02-19 00:00:00,EXW,중국,INCHEON,3.84,460.0,49741.0,28700.0,,50000.0,454136.0,22000.0,,,22000.0,161916.0,11520.0,,,,61600.0,,,,,,861613.0
26,스토어1115,2024-02-19 00:00:00,EXW,중국,INCHEON,2.71,1000.0,34974.0,20250.0,,50000.0,454136.0,22000.0,,,22000.0,161916.0,8100.0,,,,61600.0,,,,,,834976.0
27,주식회사 쏘렐라,2023-10-20 00:00:00,DDP,BUSAN,대만,3.01,489.5,,38892.0,1298.0,50000.0,439052.0,73586.0,20293.0,,94702.0,,,,,,205857.0,,,,,83594.0,1057767.0
28,아이원 주식회사,2023-11-15 00:00:00,FOB,INCHEON,중국,0.25,280.0,13099.0,,,,151948.0,,,,22000.0,402145.0,,,,,,,,,,,567193.0
29,아이원 주식회사,2023-11-15 00:00:00,FOB,INCHEON,중국,0.25,280.0,14000.0,,,,99000.0,33000.0,,,,,,,,,,,,,,,240849.0
30,아전무역,2024-03-14 00:00:00,EXW,중국,INCHEON,20 FT ,24000.0,399762.0,130000.0,4200.0,40000.0,1196162.0,22000.0,,,57200.0,437073.0,35000.0,,,,,,,323.0,,599643.0,2906151.0
31,아전무역,2024-03-14 00:00:00,EXW,중국,INCHEON,20 FT ,24000.0,399762.0,130000.0,4200.0,40000.0,1196162.0,22000.0,,,22000.0,437073.0,35000.0,,,,,,,323.0,,599643.0,2906151.0
32,아트,2023-11-08 00:00:00,FOB,중국,INCHEON,20 FT ,3000.0,256682.0,130000.0,4200.0,40000.0,332029.0,33000.0,,,,,35000.0,,,,,,,86.0,,,851262.0
33,알알,2024-04-16 00:00:00,EXW,GWANGYANG,INCHEON,20 FT,1755.0,271176.0,130000.0,4200.0,50000.0,734852.0,22000.0,,,22000.0,555911.0,35000.0,,,,,,,329.0,,352529.0,2177997.0
34,(주)애드스토어,2022-06-20 00:00:00,CFR,BUSAN,에콰도르,40 FT,20000.0,13727016.0,180000.0,8840.0,50000.0,715660.0,69906.0,,,,,,10000.0,,,,,,172.0,,1128666.0,16149016.0
35,얄리얄리,2023-10-17 00:00:00,EXW,영국,BUSAN,1.2,319.0,48704.0,16800.0,410.0,112233.0,765450.0,33000.0,,,203756.0,,3000.0,,,,,,,,338220.0,,1316932.0
36,에버리치에프앤비,2023-10-25 00:00:00,CIF,BUSAN,미국,20 FT,1500.0,2299896.0,230000.0,8400.0,50000.0,704000.0,33000.0,,,33822.0,,,64115.0,,,,,,,,,3431704.0
37,에버리치에프앤비,2023-10-25 00:00:00,CIF,BUSAN,미국,1.92,500.0,181827.0,,,40000.0,165000.0,33000.0,,,22000.0,,,54115.0,,,,,,,,,516235.0
38,에버리치에프앤비,2023-10-25 00:00:00,CIF,BUSAN,미국,5.76,1500.0,545481.0,,,40000.0,242000.0,33000.0,,,22000.0,,,54115.0,,,,,,,,,956890.0
39,㈜에스라이즈,2023-12-29 00:00:00,FCA,중국,INCHEON,1.33,200.0,38860.0,9982.0,429.0,50000.0,104500.0,22000.0,,,22000.0,130362.0,3327.0,,,,56000.0,,,,,,434890.0
40,송광에이스,2023-08-25 00:00:00,EXW,태국,INCHEON,40 FT,18400.0,66540.0,379962.0,21731.0,183308.0,2270372.0,40060.0,,66654.0,79985.0,79985.0,50000.0,,357500.0,,79985.0,,474.0,172.0,179966.0,,4462964.0
41,에이치제이,2023-08-10 00:00:00,DAP,BUSAN,영국,1.2,300.0,365014.0,14000.0,,40000.0,1184644.0,181252.65,,176491.0,,,,,,,,,,,,28239.0,2059863.0
42,주식회사 엘드,2024-04-03 00:00:00,FOB,중국,INCHEON,40 FT,,134950.0,180000.0,8400.0,40000.0,360360.0,33000.0,,,44000.0,,50000.0,,,,,,,172.0,,971640.0,1800522.0
0,주식회사 이이컴퍼니,2024-02-06 00:00:00,FOB,중국,INCHEON,40 FT,,754040.0,180000.0,8400.0,50000.0,737000.0,22000.0,,,22000.0,,50000.0,,,,,,,,,108194.0,1931634.0
1,㈜익성,2022-09-16 00:00:00,DDP,INCHEON,중국,3.32,600.0,175081.38,46340.0,1128.0,72573.28,1015834.7000000001,40716.6,,67861.0,117005.4,,,,,,200325.672,,,,,,1336486.0
2,엘라이,2024-04-08 00:00:00,FOB,베트남,INCHEON,20 FT,,242762.4,130000.0,4200.0,50000.0,,22000.0,,,,,35000.0,,,,,,,172.0,,148354.8,632489.0
3,온앤온 (ON&ON Trading),2023-12-20 00:00:00,FOB,베트남,INCHEON,20 FT,26900.0,69328.96,137410.01,4437.05,52884.13,,,,,,,26442.07,,,,,,,,,,291181.65
4,움직임컴퍼니,2023-11-17 00:00:00,FOB,중국,BUSAN,2.0787,575.0,26198.4,28000.0,646.0,50000.0,209000.0,33000.0,,,,,5000.0,,,,61600.0,,,,,162430.08,615172.0
5,위해 LCL,2024-04-12 00:00:00,FOB,중국,INCHEON,3.1,325.0,292663.56,,,40460.4,77000.0,134868.0,,,62460.4,,,,,,,,,,,,607452.0
6,유니온 메탈,2023-11-09 00:00:00,DDP,INCHEON,인도,40 FT,9800.0,2499276.0,,,,580912.8,,,,175624.8,337740.0,,,,,,,,,,,3593554.0
7,유니온 메탈,2023-11-09 00:00:00,DDP,BUSAN,인도,40 FT,9800.0,1283412.0,,,,580912.8,,,,175624.8,337740.0,,,,,,,,,,,2377690.0
8,유니온 메탈,2023-11-09 00:00:00,DDP,BUSAN,인도,34.616,9800.0,1870593.2544,,484679.99999999994,,445816.8,,,,175624.80000000002,310720.8,,,,,,,,,,,2802756.0
9,㈜유원인터내셔널,2022-09-13 00:00:00,FOB,중국,INCHEON,40 FT,7000.0,8137800.0,360000.0,16800.0,50000.0,840000.0,68500.0,,41100.0,,,,,,,,,,344.0,,1479600.0,10994144.0
10,이강석 대표님,2023-08-08 00:00:00,CIF,BUSAN,인도네시아,8.672,634.0,222915.4944,121408.0,,40000.0,176000.0,33000.0,19278.9,,22000.0,,,,,,,,,,,,634602.0
11,이하이코리아푸드,2022-10-27 00:00:00,EXW,중국,INCHEON,20 FT,,271449.0,472883.19999999995,4200.0,192868.0,1394329.0,42860.0,,42860.0,43430.0,,25000.0,,,,,,,86.0,,571709.0,2954525.0
12,주식회사 결,2022-10-27 00:00:00,EXW,중국,INCHEON,40 FT,4120.0,471464.0,694324.0,8400.0,192868.0,1686815.0,42860.0,,42860.0,43430.0,,40000.0,,,,,,,172.0,,1143318.0,4195171.0
13,월스팜텍,2023-03-02 00:00:00,DAP,BUSAN,터키,0.0261,2.0,73266.0,546840.0,431.0,40000.0,478951.0,219495.0,18734.0,,22000.0,,,,,,5000.0,,,,,77262.0,1255520.0
14,올탑,2022-08-17 00:00:00,FOB,방글라데시,INCHEON,3.99,11.55,432147.0,30000.0,1400.0,50000.0,,55000.0,,50841.0,22000.0,,8000.0,,110000.0,,58000.0,,,,,76261.0,934321.0
15,에스씨다산,2022-07-11 00:00:00,EXW,아랍에미리트,INCHEON,67.7,,868153.0,730926.0,8840.0,297090.0,780945.0,55000.0,29470.0,33391.0,148830.0,,50000.0,,,,26712.0,,,172.0,,,3073604.0
16,월드비엠,2022-12-20 00:00:00,FOB,중국,PYEONGTAEK ,1,,112447.0,7500.0,341.0,50000.0,66145.0,33000.0,,,22000.0,,2500.0,,,,59300.0,,,,,55562.0,408794.0
17,아워픽,2023-02-02 00:00:00,FOB,중국,INCHEON,2.0683,377.0,24259.0,27313.0,666.0,50000.0,158302.0,33000.0,18651.0,37302.0,22000.0,,4878.0,,,,61600.0,,,,,70351.0,508322.0
18,올탑,2022-11-14 00:00:00,FOB,방글라데시,INCHEON,0.0621,1000.0,121239.0,7500.0,350.0,50000.0,,55000.0,,40413.0,22000.0,,2500.0,,,,70300.0,,,,,59273.0,536342.0
19,위드글로벌,2022-09-26 00:00:00,CIF,INCHEON,인도,0.2386,,13601250.0,,25200.0,50000.0,1073160.0,41850.0,20925.0,,22000.0,,,24000.0,,,,14084840.0,,516.0,,,30374741.0
0,주식회사 다웰스,2024-03-25 00:00:00,FOB,인도,INCHEON,20 FT,64000.0,456932.0,130000.0,4200.0,50000.0,322300.0,22000.0,,,,,35000.0,,,,,,,172.0,,0.0,1020604.0
1,주식회사 단,2024-05-21 00:00:00,FOB,중국,INCHEON,20 FT,,272820.0,130000.0,4200.0,50000.0,221100.0,22000.0,,,22000.0,,35000.0,,,,,,,172.0,,327384.0,1084676.0
2,주식회사 단,2024-05-21 00:00:00,FOB,중국,INCHEON,20 FT,,54564.0,130000.0,4200.0,50000.0,221100.0,22000.0,,,22000.0,,35000.0,,,,,,,172.0,,327384.0,866420.0
3,주식회사 단,2024-05-21 00:00:00,FOB,중국,INCHEON,10,,272820.0,75000.0,3500.0,40000.0,260923.0,22000.0,,,22000.0,,25000.0,,,,121000.0,,,,,327384.0,1048627.0
4,김나경 실장님,2023-11-13 00:00:00,EXW,태국,BUSAN,40 FT,1000.0,379877.0,180000.0,8400.0,50000.0,705880.0,33000.0,15.0,39298.0,157190.0,465022.0,50000.0,,,,,,,172.0,,0.0,2068853.0
5,김나경 실장님,2024-05-16 00:00:00,EXW,태국,INCHEON,40 FT,,364581.0,180000.0,8400.0,50000.0,472605.0,33000.0,20255.0,40509.0,162036.0,479357.0,50000.0,,,,,,,172.0,,297066.0,2157980.0
6,김나경 실장님,2024-05-16 00:00:00,EXW,스페인,BUSAN,40 FT,,614387.0,180000.0,8400.0,50000.0,1529601.0,33000.0,20255.0,44123.0,95600.0,764800.0,50000.0,,,,,,,172.0,,0.0,3390337.0
7,삼성임업,2024-05-03 00:00:00,CIF,BUSAN,에스토니아,40 FT,27500.0,6610588.0,190000.0,8400.0,50000.0,847000.0,22000.0,20667.0,,88000.0,,,10000.0,110000.0,110000,,,,172.0,,0.0,8066827.0
8,삼성임업,2024-05-03 00:00:00,CIF,BUSAN,네덜란드,40 FT,27500.0,5494587.0,190000.0,8400.0,50000.0,847000.0,22000.0,20667.0,,88000.0,,,10000.0,110000.0,110000,,,,172.0,,0.0,6950825.0
9,삼성임업,2024-05-03 00:00:00,CIF,INCHEON,네덜란드,40 FT,27500.0,6268899.0,190000.0,8400.0,50000.0,232100.0,22000.0,20667.0,,88000.0,,,10000.0,110000.0,110000,,,,172.0,,0.0,7110238.0
10,삼영,2024-03-20 00:00:00,EXW,중국,INCHEON,20 FT,20000.0,302602.0,130000.0,4200.0,50000.0,828866.0,22000.0,,,22000.0,389435.0,25000.0,,,,,,,172.0,,473638.0,2247913.0
11,삼영씨엠이,2024-03-08 00:00:00,FOB,중국,INCHEON,20 FT,20000.0,605204.0,130000.0,4200.0,50000.0,,22000.0,,,22000.0,,25000.0,,,,,,,172.0,,355228.0,1213804.0
12,스나이퍼샵,2023-07-25 00:00:00,FOB,중국,INCHEON,20 FT,,708366.0,130000.0,4200.0,40000.0,347600.0,33000.0,,,22000.0,,50000.0,,,,,,,86.0,,505976.0,1664137.0
13,주식회사 엘드,2024-04-03 00:00:00,FOB,중국,INCHEON,40 FT,,134950.0,180000.0,8400.0,40000.0,360360.0,33000.0,,,22000.0,,50000.0,,,,,,,172.0,,971640.0,1800522.0
14,예스지투엠,2023-01-19 00:00:00,CIF,BUSAN,호주,40 FT,5000.0,1001520.0,180000.0,8858.0,50000.0,,33000.0,18779.0,,22000.0,,,10000.0,,,,,474.0,172.0,,538317.0,1863120.0
15,오아이엠,2024-05-21 00:00:00,CIF,INCHEON,캄보디아,20 FT,,859383.0,130000.0,4200.0,50000.0,422400.0,22000.0,20462.0,,,,,8000.0,,,,,,172.0,,0.0,1516617.0
16,오아이엠,2024-05-21 00:00:00,CIF,INCHEON,캄보디아,40 FT,,1677843.0,180000.0,8400.0,50000.0,475200.0,22000.0,20462.0,,,,,8000.0,,-,,,,344.0,,0.0,2442249.0
17,위드글로벌,2022-09-26 00:00:00,CFR,INCHEON,인도,40 FT,,4533750.0,180000.0,8400.0,50000.0,357720.0,13950.0,,,22000.0,,,,,,,4694946.0,,172.0,,0.0,9820939.0
18,㈜제이아이피,2023-11-14 00:00:00,FOB,중국,INCHEON,40 FT,4000.0,196488.0,180000.0,8858.0,40000.0,274496.0,33000.0,,,,,40000.0,,,,,,,172.0,,497770.0,1270784.0
19,주식회사큐앤비푸드,2024-03-07 00:00:00,CIF,BUSAN,싱가폴,40 FT,,466025.0,345000.0,,50000.0,1243000.0,22000.0,19973.0,,22000.0,,,8000.0,,,,,474.0,172.0,,346190.0,2531692.0
20,칠락와인,2024-05-31 00:00:00,EXW,독일,BUSAN,2.9,,111447.0,40600.0,36178.0,120378.0,988893.0,96340.0,,,43113.0,,5800.0,,,,,,,,,2815.0,1466678.0
21,칠락와인,2024-05-31 00:00:00,EXW,슬로베니아,BUSAN,20 FT,,2305800.0,474852.0,4429.0,120378.0,3564364.0,33000.0,,,85340.0,,35000.0,,,,,,237.0,86.0,,19706.0,6882477.0
22,㈜커넥토,2023-09-18 00:00:00,FOB,중국,INCHEON,20 FT,,837371.0,230000.0,4200.0,50000.0,39875.0,33000.0,,,29242.0,,35000.0,,,,,,,86.0,,385456.0,1644230.0
23,케이브릿지,2024-04-24 00:00:00,FOB,도미니카 공화국,BUSAN,20 FT,1506450.0,,135000.0,4200.0,50000.0,1006500.0,33000.0,,,22000.0,,35000.0,,110000.0,,,,,,,246510.0,3148660.0
24,케이엔씨코마일,2023-10-31 00:00:00,CIF,BUSAN,칠레,20 FT,8000.0,3417440.0,140000.0,4429.0,50000.0,297000.0,33000.0,19716.0,,26400.0,,,10000.0,,110000,,,,86.0,,19716.0,4127787.0
25,코아스,2023-08-05 00:00:00,EXW,INCHEON,중국,20 FT,,234702.0,169507.0,5580.0,65195.0,404209.0,65195.0,,,,,,13039.0,,,,,1303.0,1303.0,,0.0,998787.0
26,㈜데리베리인터내셔널,2023-08-21 00:00:00,DDP,INCHEON,베트남,40 FT,,69732.0,434790.0,8400.0,50000.0,1242825.0,33000.0,,134100.0,169510.0,,80460.0,10000.0,,,,,474.0,172.0,,321840.0,2729633.0
27,주식회사 투유,2024-01-15 00:00:00,FOB,중국,INCHEON,40 FT,,360315.0,180000.0,8400.0,40000.0,335500.0,33000.0,20018.0,,22000.0,,50000.0,,,,,,,172.0,,0.0,1049405.0
28,투헤븐리조트,2024-01-15 00:00:00,EXW,중국,INCHEON,102.3,,2788002.0,657413.0,53161.0,158707.0,1400395.0,33000.0,,76734.0,108707.0,,50000.0,,,,,,479.0,172.0,,0.0,5333164.0
29,트레이잇,2024-04-17 00:00:00,CFR,BUSAN,이집트,20 FT,12000.0,5423520.0,135000.0,4200.0,50000.0,203500.0,22000.0,,,330000.0,,,10000.0,,,,,,172.0,,0.0,6198730.0
30,푸드클러스터,2024-04-17 00:00:00,CFR,BUSAN,미국,40 FT,,5640461.0,180000.0,8400.0,50000.0,,22000.0,,,,,,10000.0,,,,,,172.0,,0.0,5933033.0
31,플로리아,2023-12-20 00:00:00,FOB,중국,INCHEON,20 FT,,169377.0,130000.0,4200.0,40000.0,805314.0,33000.0,,,22000.0,,35000.0,,,91203,,,,,,247551.0,1577645.0
32,플로리아,2023-12-20 00:00:00,FOB,중국,INCHEON,20 FT,,25116.0,130000.0,4200.0,40000.0,394900.0,33000.0,,,22000.0,,35000.0,,,,,,,,,247551.0,958767.0
33,해피이앤씨,2023-08-21 00:00:00,CIF,INCHEON,필리핀,20 FT,,128100.0,130000.0,4429.0,50000.0,352000.0,33000.0,19215.0,,,,,8000.0,,,,,237.0,86.0,,0.0,725067.0
34,칠락와인,2023-08-21 00:00:00,EXW,독일,BUSAN,2.9,,111447.0,40600.0,36178.0,120378.0,988893.0,96340.0,,,43113.0,,5800.0,,,,,,,,,2815.0,1466678.0
35,피플인스토리,2022-07-05 00:00:00,EXW,태국,BUSAN,20 FT,75000.0,736017.0,256603.0,4200.0,107601.0,390409.0,96002.0,,,22000.0,,40000.0,12800.0,,,,,,,,281607.0,2127228.0
36,피플인스토리,2022-07-05 00:00:00,EXW,태국,BUSAN,40 FT,75000.0,1664039.0,359204.0,8400.0,107601.0,492812.0,160004.0,,,175604.0,,45000.0,1280.0,,,,,,,,563213.0,3742943.0
37,SHOPPY DELIGHT,2024-05-09 00:00:00,EXW,중국,BUSAN,20 FT,4000.0,13638.0,130000.0,4200.0,50000.0,478883.0,22000.0,,,,422787.0,35000.0,,,,,,,,,490979.0,2142816.0
38,㈜그린아그로켐,2024-05-09 00:00:00,FOB,중국,BUSAN,20 FT,,259901.0,135000.0,4200.0,40000.0,517000.0,22000.0,20519.0,,138600.0,,35000.0,,,,,,,86.0,,0.0,1172306.0
39,㈜그린아그로켐,2024-04-12 00:00:00,FOB,중국,BUSAN,14,10600.0,216941.0,180000.0,8400.0,40000.0,517000.0,22000.0,20338.0,,132476.0,,35000.0,,,,,,,172.0,,0.0,1172327.0
40,남상규 대표님,2022-10-05 00:00:00,FOB,태국,INCHEON,40 FT,,968284.0,180000.0,8840.0,50000.0,485200.0,33000.0,,72260.0,21678.0,,50000.0,,,,,,474.0,172.0,,0.0,1869908.0
